-- use an existing database
USE SqlModuleDB;


CREATE TABLE departments (
	DEPARTMENT_ID decimal(4,0) NOT NULL DEFAULT '0',
	DEPARTMENT_NAME varchar(30) NOT NULL,
	MANAGER_ID decimal(6,0) DEFAULT NULL,
	LOCATION_ID decimal(4,0) DEFAULT NULL,
	PRIMARY KEY (DEPARTMENT_ID)
	);

INSERT INTO departments (DEPARTMENT_ID, DEPARTMENT_NAME, MANAGER_ID, LOCATION_ID) VALUES
('10', 'Administration', '200', '1700'),
('20', 'Marketing', '201', '1800'),
('30', 'Purchasing', '114', '1700'),
('40', 'Human Resources', '203', '2400'),
('50', 'Shipping', '121', '1500'),
('60', 'IT', '103', '1400'),
('70', 'Public Relations', '204', '2700'),
('80', 'Sales', '145', '2500'),
('90', 'Executive', '100', '1700'),
('100', 'Finance', '108', '1700'),
('110', 'Accounting', '205', '1700'),
('120', 'Treasury', '0', '1700'),
('130', 'Corporate Tax', '0', '1700'),
('140', 'Control And Credit', '0', '1700'),
('150', 'Shareholder Services', '0', '1700'),
('160', 'Benefits', '0', '1700'),
('170', 'Manufacturing', '0', '1700'),
('180', 'Construction', '0', '1700'),
('190', 'Contracting', '0', '1700'),
('200', 'Operations', '0', '1700'),
('210', 'IT Support', '0', '1700'),
('220', 'NOC', '0', '1700'),
('230', 'IT Helpdesk', '0', '1700'),
('240', 'Government Sales', '0', '1700'),
('250', 'Retail Sales', '0', '1700'),
('260', 'Recruiting', '0', '1700'),
('270', 'Payroll', '0', '1700');


CREATE TABLE  job_history (
	EMPLOYEE_ID decimal(6,0) NOT NULL,
    START_DATE date NOT NULL,
    END_DATE date NOT NULL,
    JOB_ID varchar(10) NOT NULL,
    DEPARTMENT_ID decimal(4,0) DEFAULT NULL,
    PRIMARY KEY (EMPLOYEE_ID,START_DATE)
	);

INSERT INTO job_history (EMPLOYEE_ID, START_DATE, END_DATE, JOB_ID, DEPARTMENT_ID) VALUES
('102', '1993-01-13', '1998-07-24', 'IT_PROG', '60'),
('101', '1989-09-21', '1993-10-27', 'AC_ACCOUNT', '110'),
('101', '1993-10-28', '1997-03-15', 'AC_MGR', '110'),
('201', '1996-02-17', '1999-12-19', 'MK_REP', '20'),
('114', '1998-03-24', '1999-12-31', 'ST_CLERK', '50'),
('122', '1999-01-01', '1999-12-31', 'ST_CLERK', '50'),
('200', '1987-09-17', '1993-06-17', 'AD_ASST', '90'),
('176', '1998-03-24', '1998-12-31', 'SA_REP', '80'),
('176', '1999-01-01', '1999-12-31', 'SA_MAN', '80'),
('200', '1994-07-01', '1998-12-31', 'AC_ACCOUNT', '90');


CREATE TABLE jobs (
	JOB_ID varchar(10) NOT NULL DEFAULT '',
    JOB_TITLE varchar(35) NOT NULL,
    MIN_SALARY decimal(6,0) DEFAULT NULL,
    MAX_SALARY decimal(6,0) DEFAULT NULL,
    PRIMARY KEY (JOB_ID)
	);

INSERT INTO jobs (JOB_ID, JOB_TITLE, MIN_SALARY, MAX_SALARY) VALUES
('AD_PRES', 'President', '20000', '40000'),
('AD_VP', 'Administration Vice President', '15000', '30000'),
('AD_ASST', 'Administration Assistant', '3000', '6000'),
('FI_MGR', 'Finance Manager', '8200', '16000'),
('FI_ACCOUNT', 'Accountant', '4200', '9000'),
('AC_MGR', 'Accounting Manager', '8200', '16000'),
('AC_ACCOUNT', 'Public Accountant', '4200', '9000'),
('SA_MAN', 'Sales Manager', '10000', '20000'),
('SA_REP', 'Sales Representative', '6000', '12000'),
('PU_MAN', 'Purchasing Manager', '8000', '15000'),
('PU_CLERK', 'Purchasing Clerk', '2500', '5500'),
('ST_MAN', 'Stock Manager', '5500', '8500'),
('ST_CLERK', 'Stock Clerk', '2000', '5000'),
('SH_CLERK', 'Shipping Clerk', '2500', '5500'),
('IT_PROG', 'Programmer', '4000', '10000'),
('MK_MAN', 'Marketing Manager', '9000', '15000'),
('MK_REP', 'Marketing Representative', '4000', '9000'),
('HR_REP', 'Human Resources Representative', '4000', '9000'),
('PR_REP', 'Public Relations Representative', '4500', '10500');


CREATE TABLE  locations (
	LOCATION_ID decimal(4,0) NOT NULL DEFAULT '0',
    STREET_ADDRESS varchar(40) DEFAULT NULL,
    POSTAL_CODE varchar(12) DEFAULT NULL,
    CITY varchar(30) NOT NULL,
    STATE_PROVINCE varchar(25) DEFAULT NULL,
    COUNTRY_ID varchar(2) DEFAULT NULL,
    PRIMARY KEY (LOCATION_ID),
	)

INSERT INTO locations (LOCATION_ID, STREET_ADDRESS, POSTAL_CODE, CITY, STATE_PROVINCE, COUNTRY_ID) VALUES
('1000', '1297 Via Cola di Rie', '989', 'Roma', '', 'IT'),
('1100', '93091 Calle della Testa', '10934', 'Venice', '', 'IT'),
('1200', '2017 Shinjuku-ku', '1689', 'Tokyo', 'Tokyo Prefecture', 'JP'),
('1300', '9450 Kamiya-cho', '6823', 'Hiroshima', '', 'JP'),
('1400', '2014 Jabberwocky Rd', '26192', 'Southlake', 'Texas', 'US'),
('1500', '2011 Interiors Blvd', '99236', 'South San Francisco', 'California', 'US'),
('1600', '2007 Zagora St', '50090', 'South Brunswick', 'New Jersey', 'US'),
('1700', '2004 Charade Rd', '98199', 'Seattle', 'Washington', 'US'),
('1800', '147 Spadina Ave', 'M5V 2L7', 'Toronto', 'Ontario', 'CA'),
('1900', '6092 Boxwood St', 'YSW 9T2', 'Whitehorse', 'Yukon', 'CA'),
('2000', '40-5-12 Laogianggen', '190518', 'Beijing', '', 'CN'),
('2100', '1298 Vileparle (E)', '490231', 'Bombay', 'Maharashtra', 'IN'),
('2200', '12-98 Victoria Street', '2901', 'Sydney', 'New South Wales', 'AU'),
('2300', '198 Clementi North', '540198', 'Singapore', '', 'SG'),
('2400', '8204 Arthur St', '', 'London', '', 'UK'),
('2500', '"Magdalen Centre', ' The Oxford ', 'OX9 9ZB', 'Oxford', 'Ox'),
('2600', '9702 Chester Road', '9629850293', 'Stretford', 'Manchester', 'UK'),
('2700', 'Schwanthalerstr. 7031', '80925', 'Munich', 'Bavaria', 'DE'),
('2800', 'Rua Frei Caneca 1360', '01307-002', 'Sao Paulo', 'Sao Paulo', 'BR'),
('2900', '20 Rue des Corps-Saints', '1730', 'Geneva', 'Geneve', 'CH'),
('3000', 'Murtenstrasse 921', '3095', 'Bern', 'BE', 'CH'),
('3100', 'Pieter Breughelstraat 837', '3029SK', 'Utrecht', 'Utrecht', 'NL'),
('3200', 'Mariano Escobedo 9991', '11932', 'Mexico City', '"Distrito Federal', '"');


-- show all records
SELECT * 
FROM departments;

SELECT * 
FROM jobs;

SELECT * 
FROM job_history;

SELECT * 
FROM locations;


